name;surname;email;ssn;
Dody;Cornelleau;dcornelleau0@ocn.ne.jp;291-66-9441;
Cleopatra;Cowdry;ccowdry1@sbwire.com;746-07-1098;
Jonell;Fishpoole;jfishpoole2@t.co;554-29-1219;
Georgeanne;Crouse;gcrouse3@youku.com;378-60-7039;
Lilia;Tretwell;ltretwell4@ocn.ne.jp;103-87-6273;
Nariko;Kenworthy;nkenworthy5@miibeian.gov.cn;777-46-6593;
Rodie;Maughan;rmaughan6@cnet.com;458-93-3660;
Sherye;Nevill;snevill7@php.net;135-53-9363;
Priscilla;Peggram;ppeggram8@earthlink.net;525-24-7162;
Goldy;Beardall;gbeardall9@blogtalkradio.com;613-08-6639;
Sholom;Sappson;ssappsona@ovh.net;258-30-1313;
Marcille;Brizell;mbrizellb@cargocollective.com;305-32-6444;
Helen-elizabeth;Cowe;hcowec@tamu.edu;177-83-0504;
Amalea;Flury;afluryd@blogger.com;493-79-8018;
Arnaldo;Philot;aphilote@go.com;256-66-9616;
Hew;Gerretsen;hgerretsenf@cmu.edu;396-86-1400;
Ina;Paur;ipaurg@soundcloud.com;473-77-1303;
Tiertza;Wannell;twannellh@wp.com;568-27-4904;
Kean;Heinritz;kheinritzi@over-blog.com;169-86-2816;
Daisey;Victor;dvictorj@ehow.com;675-07-0186;
Catriona;Swainston;cswainstonk@list-manage.com;350-96-3367;
Fredia;Jephcott;fjephcottl@weibo.com;444-92-6107;
Fianna;McCurley;fmccurleym@issuu.com;668-72-6429;
Peterus;Skill;pskilln@github.io;532-04-4960;
Jada;McPhelimey;jmcphelimeyo@independent.co.uk;247-92-7647;
Aharon;Glendining;aglendiningp@wiley.com;481-51-1757;
Andie;Monahan;amonahanq@google.nl;892-48-7016;
Reuben;Clows;rclowsr@chron.com;867-64-1077;
Bee;Keeley;bkeeleys@ifeng.com;423-92-9391;
Rosalia;Ebbles;rebblest@shutterfly.com;469-23-7441;
Constantine;Pankettman;cpankettmanu@dagondesign.com;677-37-9371;
Elbertine;Griswood;egriswoodv@artisteer.com;819-76-5654;
Cathe;Geerdts;cgeerdtsw@umich.edu;314-69-1806;
Cathi;Abraham;cabrahamx@51.la;594-72-8377;
Caesar;Warricker;cwarrickery@google.es;521-35-2561;
Roosevelt;Keech;rkeechz@phpbb.com;897-39-7756;
Cully;Grishakov;cgrishakov10@usda.gov;626-69-8453;
Torie;Tesdale;ttesdale11@archive.org;740-91-9472;
Filbert;Trappe;ftrappe12@ocn.ne.jp;265-68-6746;
Everett;Antonchik;eantonchik13@woothemes.com;361-55-6317;
Iggie;Drains;idrains14@phoca.cz;384-02-4559;
Rasia;Oldroyde;roldroyde15@phpbb.com;303-32-0800;
Ingemar;O'Brogane;iobrogane16@simplemachines.org;326-16-5602;
Goldia;McChruiter;gmcchruiter17@google.it;286-58-6677;
Regan;Learned;rlearned18@cloudflare.com;758-99-9997;
Bab;Broadley;bbroadley19@smugmug.com;854-56-7322;
Laurice;Christensen;lchristensen1a@pinterest.com;687-77-4724;
Danit;Tournay;dtournay1b@irs.gov;570-14-0640;
Olenka;Weldrick;oweldrick1c@miitbeian.gov.cn;587-65-7781;
Terence;Giannini;tgiannini1d@skyrock.com;413-80-8270;
Bryon;Wiffen;bwiffen1e@sciencedirect.com;274-53-2725;
Petronia;Tukely;ptukely1f@webnode.com;156-88-4529;
Benson;Szimon;bszimon1g@ycombinator.com;323-08-0799;
Lorrie;Dunan;ldunan1h@deliciousdays.com;810-67-2185;
Amble;Passe;apasse1i@elpais.com;124-44-1938;
Mark;Cancellieri;mcancellieri1j@so-net.ne.jp;408-16-5521;
Aluino;Bernuzzi;abernuzzi1k@cocolog-nifty.com;106-68-4451;
Rosie;Keays;rkeays1l@networksolutions.com;695-79-2163;
Spense;Whale;swhale1m@umich.edu;888-85-9764;
Anissa;Meneghi;ameneghi1n@hexun.com;853-20-5088;
Charlot;Wreight;cwreight1o@fotki.com;376-36-9202;
Kayley;Aronowicz;karonowicz1p@wordpress.org;848-36-8151;
Frannie;Filasov;ffilasov1q@tamu.edu;791-39-2364;
Windham;Gyford;wgyford1r@webmd.com;409-61-0726;
Bert;Tranmer;btranmer1s@weather.com;649-97-3157;
Port;Dartnell;pdartnell1t@eventbrite.com;766-71-4420;
Drucy;Leonard;dleonard1u@miitbeian.gov.cn;319-53-2371;
Samara;Sutlieff;ssutlieff1v@sourceforge.net;727-76-2435;
Marilin;Mahon;mmahon1w@storify.com;863-17-2923;
Carlyn;Vanyushin;cvanyushin1x@reverbnation.com;467-18-7106;
Micheline;Say;msay1y@photobucket.com;289-02-3430;
Karyl;Tibbits;ktibbits1z@bing.com;758-35-6878;
Marnia;Stanyard;mstanyard20@miitbeian.gov.cn;186-31-7503;
Ulick;Garbert;ugarbert21@eventbrite.com;294-20-6318;
Coleen;Sorsbie;csorsbie22@sohu.com;540-75-9089;
Bernarr;Longley;blongley23@blogger.com;219-39-1074;
Millard;Keming;mkeming24@economist.com;307-73-4156;
Trixy;Lough;tlough25@jalbum.net;608-27-8510;
Bonni;Taw;btaw26@ustream.tv;561-71-8442;
Cameron;Cheeseman;ccheeseman27@bandcamp.com;224-40-4852;
Colver;Hamby;chamby28@army.mil;384-38-5545;
Melinda;Geare;mgeare29@people.com.cn;646-54-5988;
Jami;Chatteris;jchatteris2a@vinaora.com;725-11-5884;
Ardelle;Curuclis;acuruclis2b@baidu.com;608-53-0730;
Guillemette;Archdeacon;garchdeacon2c@ow.ly;172-02-7093;
Verile;Brotherhed;vbrotherhed2d@epa.gov;574-50-3862;
Quentin;Gierok;qgierok2e@storify.com;708-78-4995;
Bebe;Chasen;bchasen2f@lulu.com;151-58-0613;
Rani;Ventum;rventum2g@wordpress.org;179-69-7030;
Maxy;Ungerecht;mungerecht2h@webmd.com;287-39-3290;
Aland;Heselwood;aheselwood2i@businessweek.com;843-10-4146;
Arney;Danilishin;adanilishin2j@nasa.gov;770-84-3500;
Chick;Antrim;cantrim2k@google.fr;295-04-6263;
Papageno;Semerad;psemerad2l@paginegialle.it;132-44-2915;
Ira;Brick;ibrick2m@smugmug.com;596-82-4402;
Siegfried;Messom;smessom2n@japanpost.jp;832-95-4962;
Danila;Sarsons;dsarsons2o@sogou.com;858-22-4101;
Sissy;Costello;scostello2p@hubpages.com;873-31-2060;
Merralee;Rozenbaum;mrozenbaum2q@t.co;889-60-6995;
Billy;Hanscomb;bhanscomb2r@reddit.com;600-99-8425;
Alleyn;Kendle;akendle2s@dailymail.co.uk;258-92-7889;
Gaynor;Oldcroft;goldcroft2t@bbc.co.uk;709-03-6713;
Pearla;Rippingall;prippingall2u@lycos.com;211-85-1712;
Shaylynn;McGinlay;smcginlay2v@wp.com;558-98-5707;
Pierre;Rubinowitch;prubinowitch2w@cam.ac.uk;100-70-4597;
Kort;Kornalik;kkornalik2x@netvibes.com;758-44-2636;
Ulrica;Gisburne;ugisburne2y@issuu.com;558-23-6132;
Isaak;Hanselmann;ihanselmann2z@blogs.com;434-24-3868;
Verge;Wenn;vwenn30@photobucket.com;629-05-2683;
Fionna;Gilbody;fgilbody31@list-manage.com;709-65-2295;
Gerti;McMakin;gmcmakin32@t-online.de;244-47-1943;
Nicol;Goodoune;ngoodoune33@usgs.gov;527-83-9258;
Phaedra;McCrae;pmccrae34@flavors.me;159-24-5202;
Errick;Redolfi;eredolfi35@furl.net;879-93-8794;
Birch;McKirdy;bmckirdy36@tamu.edu;314-50-6088;
Zaneta;Grinston;zgrinston37@meetup.com;860-25-6421;
Melantha;Meech;mmeech38@parallels.com;369-31-9085;
Blisse;Fayerman;bfayerman39@cmu.edu;850-66-9057;
Margareta;Hourican;mhourican3a@hexun.com;128-06-1104;
Nanni;Mullinger;nmullinger3b@theglobeandmail.com;321-83-8807;
Marrissa;Dawdry;mdawdry3c@ovh.net;512-61-0165;
Gram;Horrell;ghorrell3d@springer.com;693-81-1118;
Noemi;Boughtwood;nboughtwood3e@prnewswire.com;492-38-7251;
Carmina;Boik;cboik3f@ucoz.ru;132-94-9240;
Laurens;Leggon;lleggon3g@mysql.com;437-50-9538;
Elizabet;Severns;eseverns3h@pcworld.com;137-47-8429;
Anne-corinne;Cotes;acotes3i@google.it;279-30-1005;
Jeanine;Reape;jreape3j@etsy.com;170-66-9760;
Melodee;Garken;mgarken3k@nydailynews.com;268-06-8477;
Amalea;Dulen;adulen3l@mac.com;871-20-4502;
Madelene;Fisk;mfisk3m@cocolog-nifty.com;676-90-9905;
Nanni;Feldon;nfeldon3n@abc.net.au;270-37-6613;
Simonne;Bulluck;sbulluck3o@microsoft.com;693-69-0078;
Adiana;Clementel;aclementel3p@icq.com;425-38-3997;
Madelin;Riatt;mriatt3q@bloglovin.com;859-51-9816;
Ariel;Leyburn;aleyburn3r@ox.ac.uk;743-01-7602;
Mason;Tomlett;mtomlett3s@godaddy.com;170-86-9168;
Kinnie;Koppeck;kkoppeck3t@ox.ac.uk;779-03-8793;
Wallie;McGinn;wmcginn3u@w3.org;306-52-4919;
Margareta;Gorghetto;mgorghetto3v@craigslist.org;511-06-0575;
Lonnie;Arnke;larnke3w@seattletimes.com;544-21-3921;
Louie;Lebond;llebond3x@aol.com;648-29-2923;
Talbert;Goozee;tgoozee3y@gov.uk;799-97-9938;
Fredra;Falkingham;ffalkingham3z@kickstarter.com;350-66-8641;
Tallou;Olech;tolech40@prnewswire.com;207-18-2067;
Carmita;Sydes;csydes41@ucoz.ru;375-35-2279;
Billie;Bann;bbann42@surveymonkey.com;348-59-2928;
Nikoletta;Powley;npowley43@shutterfly.com;641-44-8134;
Gilda;Fall;gfall44@ask.com;804-76-6296;
Merralee;Chesters;mchesters45@dropbox.com;450-10-1928;
Abagail;Gennerich;agennerich46@delicious.com;821-31-1037;
Phillipe;Rhelton;prhelton47@who.int;532-61-1337;
Lewes;Leethem;lleethem48@apache.org;508-21-8294;
Vinson;Siggs;vsiggs49@uol.com.br;588-94-0771;
Anette;Bythell;abythell4a@ovh.net;880-70-0087;
Reiko;Beazleigh;rbeazleigh4b@huffingtonpost.com;280-38-6346;
Thomasina;Reynalds;treynalds4c@over-blog.com;146-25-6655;
Leone;Gooble;lgooble4d@opera.com;292-49-1646;
Meryl;Le Noire;mlenoire4e@rediff.com;693-25-2195;
Harlin;Feldman;hfeldman4f@flavors.me;744-50-4920;
Holli;Nezey;hnezey4g@mashable.com;419-45-4323;
Edgardo;Betancourt;ebetancourt4h@amazon.de;611-65-1806;
Billy;McEvilly;bmcevilly4i@ning.com;330-68-7063;
Mame;McMorran;mmcmorran4j@linkedin.com;637-11-4650;
Peggie;Blinkhorn;pblinkhorn4k@accuweather.com;179-56-2011;
Alessandro;Kamienski;akamienski4l@ftc.gov;668-77-5554;
Zilvia;Graine;zgraine4m@mtv.com;309-33-6887;
Martino;Roblin;mroblin4n@purevolume.com;840-74-3210;
Ralina;Seldon;rseldon4o@bizjournals.com;869-22-2616;
Neely;Verillo;nverillo4p@blogspot.com;890-50-9912;
Golda;Ludwig;gludwig4q@foxnews.com;350-37-2233;
Marven;Courtonne;mcourtonne4r@cnn.com;795-46-2501;
Sharline;Lebbon;slebbon4s@smh.com.au;140-99-6200;
Gayler;Klasing;gklasing4t@intel.com;338-17-4059;
Jennee;Bellfield;jbellfield4u@squidoo.com;364-44-6797;
Kirsti;Boerderman;kboerderman4v@live.com;166-67-9414;
Gino;Heibl;gheibl4w@51.la;690-30-1623;
Kath;Dormon;kdormon4x@vinaora.com;104-13-8955;
Tull;Plowes;tplowes4y@flavors.me;117-45-4155;
Rabbi;Udall;rudall4z@netlog.com;835-86-0607;
Christine;Delamaine;cdelamaine50@who.int;109-53-4789;
Josie;Biddiss;jbiddiss51@xrea.com;628-22-8937;
Shayne;Birckmann;sbirckmann52@zimbio.com;260-63-4767;
Garik;Lea;glea53@cbslocal.com;694-62-8632;
Janeta;Hukins;jhukins54@yellowbook.com;350-10-4998;
Annie;Rudeforth;arudeforth55@hc360.com;517-78-8077;
Beulah;Mogey;bmogey56@google.es;826-39-2409;
Nicky;Rigler;nrigler57@ifeng.com;739-39-2267;
Lian;Cridlan;lcridlan58@hugedomains.com;496-73-5592;
Eartha;Rilston;erilston59@godaddy.com;164-65-0711;
Gene;Baigent;gbaigent5a@dmoz.org;654-25-1645;
Ayn;Martschke;amartschke5b@boston.com;570-99-9290;
Jose;Moakes;jmoakes5c@indiatimes.com;724-42-1928;
Raddie;Reide;rreide5d@wp.com;427-02-0739;
Courtenay;Rosterne;crosterne5e@delicious.com;626-68-7067;
Estella;Messenger;emessenger5f@google.es;659-36-3845;
Marja;Housbey;mhousbey5g@last.fm;815-90-3449;
Revkah;Cappel;rcappel5h@skyrock.com;400-84-7509;
Roxi;Blomefield;rblomefield5i@booking.com;711-65-9758;
Johnnie;Clevely;jclevely5j@so-net.ne.jp;487-44-3026;
Karlotte;Alabone;kalabone5k@posterous.com;158-60-4314;
Libbey;Egginton;legginton5l@mapquest.com;203-42-4802;
Lurette;Rajchert;lrajchert5m@kickstarter.com;765-16-0895;
Renee;Lerwell;rlerwell5n@oaic.gov.au;373-78-8400;
Armand;Doole;adoole5o@cisco.com;444-20-9592;
Drusie;Ivashinnikov;divashinnikov5p@joomla.org;612-69-1744;
Andy;Yockney;ayockney5q@blinklist.com;371-06-3313;
Frederic;Giggs;fgiggs5r@go.com;215-04-8395;
Adda;Rustidge;arustidge5s@sina.com.cn;891-26-0934;
Alissa;Adan;aadan5t@usnews.com;832-36-9348;
Bernita;Kunzler;bkunzler5u@printfriendly.com;638-94-2960;
Rachelle;Pleming;rpleming5v@miibeian.gov.cn;668-62-3571;
Alane;Cranny;acranny5w@sitemeter.com;300-37-2790;
Burke;Mayow;bmayow5x@cisco.com;247-30-5922;
Rafaelita;Orlton;rorlton5y@washingtonpost.com;205-43-6875;
Sarina;Clarycott;sclarycott5z@list-manage.com;352-05-6600;
Felic;Mallebone;fmallebone60@stumbleupon.com;384-74-7692;
Cleon;Matushevitz;cmatushevitz61@e-recht24.de;252-47-8048;
Cele;Pinchback;cpinchback62@gizmodo.com;117-93-5186;
Maud;Speariett;mspeariett63@businesswire.com;396-30-3794;
Morissa;Karpets;mkarpets64@posterous.com;454-31-4250;
Georgy;Jorgensen;gjorgensen65@dmoz.org;365-45-2431;
Anallese;Taplow;ataplow66@woothemes.com;714-80-5413;
Viva;Greenside;vgreenside67@typepad.com;851-89-3867;
Pippa;Lockless;plockless68@ustream.tv;456-52-8694;
Kerianne;Cory;kcory69@amazonaws.com;808-84-4955;
Ettie;Dillicate;edillicate6a@webeden.co.uk;353-55-4481;
Randy;Dargie;rdargie6b@homestead.com;867-81-9617;
Kellby;Borris;kborris6c@nyu.edu;891-36-7567;
Aldridge;Weatherhead;aweatherhead6d@github.com;363-29-0406;
Guglielma;Enderson;genderson6e@fc2.com;677-87-3381;
Arnuad;Galey;agaley6f@ebay.co.uk;537-73-9647;
Robinia;Dunlea;rdunlea6g@drupal.org;395-82-9721;
Fanny;Dat;fdat6h@mozilla.com;485-77-6365;
Aeriell;Overy;aovery6i@ifeng.com;670-52-1957;
Ninnette;Luparti;nluparti6j@cam.ac.uk;887-23-6242;
Ramonda;Ives;rives6k@e-recht24.de;411-23-9294;
Oby;Yelland;oyelland6l@webmd.com;226-49-9854;
Far;Tunniclisse;ftunniclisse6m@jigsy.com;703-17-6122;
Shanta;Bapty;sbapty6n@mlb.com;624-41-4111;
Axe;Rotham;arotham6o@livejournal.com;691-10-1391;
Kory;Saddington;ksaddington6p@google.com.hk;141-21-3813;
Briant;Petters;bpetters6q@sciencedirect.com;303-98-7358;
Michal;Beard;mbeard6r@walmart.com;608-31-2143;
Cathy;Paxforde;cpaxforde6s@gnu.org;273-45-1604;
Goldia;Sarfas;gsarfas6t@dailymail.co.uk;416-30-0936;
Stirling;Dollman;sdollman6u@telegraph.co.uk;703-53-6041;
Mira;Beloe;mbeloe6v@foxnews.com;799-27-4073;
Chelsey;Elnor;celnor6w@eventbrite.com;544-70-0239;
Lucilia;Corr;lcorr6x@princeton.edu;447-20-8904;
Teddie;Billiard;tbilliard6y@cmu.edu;603-10-1070;
Mari;Rowsell;mrowsell6z@feedburner.com;766-74-4183;
Sharla;Liptrod;sliptrod70@house.gov;298-62-2703;
Katerina;Droghan;kdroghan71@pbs.org;576-15-7316;
Lotta;McMinn;lmcminn72@sphinn.com;694-65-9895;
Robb;Andree;randree73@facebook.com;259-12-2885;
Barbi;Phipard-Shears;bphipardshears74@ocn.ne.jp;204-90-9380;
Juliane;Erdely;jerdely75@mashable.com;793-73-6640;
Bronson;Nenci;bnenci76@com.com;684-40-9362;
Ode;Bysshe;obysshe77@istockphoto.com;619-16-1799;
Audy;Sorrel;asorrel78@spotify.com;329-52-3069;
Lock;Gauvain;lgauvain79@bloglovin.com;544-06-9240;
Berna;Nowak;bnowak7a@behance.net;618-09-4095;
Lira;Radwell;lradwell7b@whitehouse.gov;898-18-9167;
Redford;Dunseath;rdunseath7c@ow.ly;190-49-9251;
Tansy;Honniebal;thonniebal7d@xinhuanet.com;836-04-3405;
Dalton;Burdytt;dburdytt7e@zimbio.com;858-89-2683;
Hyacinthia;Jirieck;hjirieck7f@nsw.gov.au;898-80-8099;
Ingelbert;Dennistoun;idennistoun7g@npr.org;576-12-7719;
Adamo;Stormont;astormont7h@amazonaws.com;424-59-7273;
Audrie;Zoane;azoane7i@springer.com;684-05-0945;
Maddalena;Hefferan;mhefferan7j@cdc.gov;472-89-3566;
Jeniece;Proger;jproger7k@wsj.com;581-50-3720;
Birch;Kovalski;bkovalski7l@shareasale.com;709-40-5079;
Malinda;Pyvis;mpyvis7m@mail.ru;626-73-0748;
Phineas;Johananov;pjohananov7n@state.gov;509-49-0344;
Rosemarie;Riccione;rriccione7o@washington.edu;388-14-4990;
Imojean;Poundford;ipoundford7p@nifty.com;819-65-7034;
Mildrid;Mayow;mmayow7q@microsoft.com;533-15-7451;
Bryna;Croal;bcroal7r@spotify.com;677-84-4483;
Arthur;Paulson;apaulson7s@behance.net;434-04-9392;
Rivy;Fairs;rfairs7t@hibu.com;683-50-6762;
Waverly;Fomichyov;wfomichyov7u@amazon.co.jp;372-81-3353;
Reilly;Cordy;rcordy7v@symantec.com;577-67-6694;
Barny;Rowell;browell7w@oakley.com;791-96-1447;
Dulsea;Entwhistle;dentwhistle7x@amazon.co.jp;298-23-4864;
Katrina;Eronie;keronie7y@t-online.de;503-10-9801;
Ber;Drever;bdrever7z@yellowbook.com;564-53-0157;
Dougie;Frear;dfrear80@plala.or.jp;488-20-2102;
Cathrin;Betterton;cbetterton81@patch.com;524-71-7321;
Umeko;Thurling;uthurling82@discuz.net;206-93-2932;
Devora;Gregine;dgregine83@freewebs.com;243-06-4342;
Michaela;Warin;mwarin84@eepurl.com;170-88-5088;
Ronny;Fishpond;rfishpond85@hubpages.com;132-05-5806;
Amity;Colly;acolly86@ed.gov;854-89-3951;
Cal;Jelf;cjelf87@jigsy.com;308-62-1849;
Ker;MacGuffog;kmacguffog88@cdbaby.com;563-33-0025;
Cyril;Savil;csavil89@ed.gov;153-85-6382;
Lesley;Spaxman;lspaxman8a@goodreads.com;212-08-3733;
Barny;Call;bcall8b@dot.gov;530-52-9592;
Fraze;Stapforth;fstapforth8c@bbc.co.uk;511-92-5207;
Heddie;Scarsbrook;hscarsbrook8d@de.vu;554-87-9066;
Kevin;Spraggon;kspraggon8e@geocities.com;238-09-6996;
Orton;Praton;opraton8f@redcross.org;494-49-8512;
Rourke;Emmison;remmison8g@bbc.co.uk;657-48-6489;
Adams;Capps;acapps8h@virginia.edu;593-70-6642;
Trstram;Booty;tbooty8i@biblegateway.com;177-42-0943;
Nonah;Ferrer;nferrer8j@samsung.com;838-77-9099;
Bud;Tokley;btokley8k@opensource.org;218-91-6204;
Auria;Reubbens;areubbens8l@csmonitor.com;892-45-9186;
Gerardo;Bugler;gbugler8m@bloglovin.com;213-19-1423;
Dorthea;McIlveen;dmcilveen8n@hatena.ne.jp;269-73-9448;
Worth;MacTurlough;wmacturlough8o@so-net.ne.jp;420-33-0833;
Sigismondo;Smallcomb;ssmallcomb8p@google.com.hk;872-63-0947;
Natalya;Duplain;nduplain8q@jalbum.net;587-46-3040;
Janaye;Aizkovitch;jaizkovitch8r@goodreads.com;431-19-5653;
Drucy;Feare;dfeare8s@wikimedia.org;786-46-6863;
Valry;Aizik;vaizik8t@walmart.com;679-96-7170;
Thatch;Chapelle;tchapelle8u@blogtalkradio.com;293-03-8777;
Marshall;Surcomb;msurcomb8v@123-reg.co.uk;373-24-4051;
Benito;Ogilby;bogilby8w@imdb.com;166-71-4751;
Andriana;Gooble;agooble8x@ftc.gov;720-92-2987;
Karisa;Ouchterlony;kouchterlony8y@macromedia.com;659-58-3076;
Philly;Piccop;ppiccop8z@opera.com;163-19-3531;
Magda;Collis;mcollis90@hugedomains.com;239-75-0867;
Valencia;Gross;vgross91@wordpress.com;272-75-9172;
Greta;Orcott;gorcott92@amazon.co.jp;814-42-3201;
Kellina;Seago;kseago93@lycos.com;394-31-0695;
Frannie;Thornhill;fthornhill94@reddit.com;582-45-3906;
Mary;Kettleson;mkettleson95@angelfire.com;162-64-5740;
Lisa;McPhate;lmcphate96@amazon.de;162-98-2421;
Lanae;Crudgington;lcrudgington97@nationalgeographic.com;460-70-2816;
Millicent;Kay;mkay98@umich.edu;649-23-3367;
Jarid;Essam;jessam99@fastcompany.com;353-35-0895;
Aurore;Batterson;abatterson9a@virginia.edu;830-11-2973;
Bernardine;Revey;brevey9b@dot.gov;119-79-6179;
Montgomery;Matthai;mmatthai9c@ow.ly;469-21-1731;
Matty;Ygoe;mygoe9d@ucoz.com;596-58-7487;
Tull;Seilmann;tseilmann9e@tumblr.com;592-93-0874;
Nester;Woolis;nwoolis9f@xing.com;343-39-5069;
Vail;Recke;vrecke9g@sun.com;272-10-8758;
Aubree;Lescop;alescop9h@e-recht24.de;406-35-1455;
Enid;Van Daalen;evandaalen9i@ezinearticles.com;647-89-7629;
Diahann;Greatbatch;dgreatbatch9j@tmall.com;584-11-6032;
Georg;Feldbaum;gfeldbaum9k@adobe.com;327-25-4219;
Gene;Filip;gfilip9l@merriam-webster.com;506-04-0318;
Mair;Basili;mbasili9m@guardian.co.uk;773-43-6095;
Debbi;Jerman;djerman9n@php.net;169-19-7855;
Isacco;Thying;ithying9o@histats.com;633-58-4449;
Kippy;Gradwell;kgradwell9p@state.tx.us;387-54-5099;
Klarrisa;Jeffry;kjeffry9q@youtube.com;496-78-8437;
Nonie;Fullylove;nfullylove9r@salon.com;649-40-8247;
Desiree;McPeck;dmcpeck9s@craigslist.org;793-73-3865;
Jerry;Secret;jsecret9t@harvard.edu;702-98-1345;
Lammond;Gottschalk;lgottschalk9u@ftc.gov;842-21-0847;
Retha;Gaw;rgaw9v@trellian.com;508-54-5297;
Juliette;Foden;jfoden9w@java.com;513-19-0137;
Maurizio;Yeiles;myeiles9x@spiegel.de;515-86-4833;
Pattie;Belli;pbelli9y@about.com;847-61-6137;
Livy;Tabbernor;ltabbernor9z@privacy.gov.au;429-68-1536;
Mahmoud;Mephan;mmephana0@abc.net.au;417-20-2925;
Jennie;Boteman;jbotemana1@yellowbook.com;174-64-6139;
Reuven;Dowderswell;rdowderswella2@foxnews.com;268-16-9292;
Cristabel;Bowdidge;cbowdidgea3@miitbeian.gov.cn;284-12-2328;
Nikolas;O' Concannon;noconcannona4@baidu.com;272-34-5125;
Rafe;Doudny;rdoudnya5@xrea.com;508-18-7071;
Mirabella;Garci;mgarcia6@nyu.edu;591-65-4192;
Jerald;Reedman;jreedmana7@fema.gov;556-06-1444;
Othelia;Hitcham;ohitchama8@chronoengine.com;868-99-1773;
Flory;Beaves;fbeavesa9@godaddy.com;402-84-8949;
Hansiain;Hastwell;hhastwellaa@census.gov;548-23-6645;
Friederike;Luesley;fluesleyab@craigslist.org;852-74-1724;
Jo ann;Edmonds;jedmondsac@dailymotion.com;338-60-8709;
Sheelah;Domenicone;sdomeniconead@patch.com;417-83-7274;
Noby;Twinbourne;ntwinbourneae@slate.com;622-83-8790;
Rickie;Sheridan;rsheridanaf@php.net;580-60-5721;
Lucky;Belk;lbelkag@clickbank.net;692-03-9183;
Sebastian;Tongs;stongsah@fotki.com;585-80-2018;
Muffin;Goddard;mgoddardai@amazon.com;325-63-1550;
Javier;Padfield;jpadfieldaj@icio.us;197-09-4999;
Aeriell;Dalmon;adalmonak@newyorker.com;369-06-4232;
Tucker;Gristock;tgristockal@histats.com;238-82-2706;
Ernst;Mellish;emellisham@so-net.ne.jp;780-82-4871;
Lindsey;Chater;lchateran@angelfire.com;376-02-3919;
Chantalle;Forte;cforteao@intel.com;129-21-9837;
Lek;Ramel;lramelap@uiuc.edu;556-76-6419;
Kathryne;Catley;kcatleyaq@reddit.com;221-09-7041;
Andie;Felmingham;afelminghamar@so-net.ne.jp;111-43-5250;
Gus;Eicke;geickeas@theguardian.com;607-47-7712;
Egbert;Goodricke;egoodrickeat@who.int;155-46-2664;
Morly;Eglese;megleseau@e-recht24.de;481-01-8802;
Ramonda;Gurwood;rgurwoodav@friendfeed.com;746-87-6310;
Glad;Woodcraft;gwoodcraftaw@dedecms.com;192-16-8652;
Malachi;Glaister;mglaisterax@adobe.com;835-98-5557;
Jermaine;Beedon;jbeedonay@cnn.com;386-68-5831;
Ermanno;Truss;etrussaz@google.com.hk;472-59-3561;
Claire;Garforth;cgarforthb0@ifeng.com;499-90-1241;
Garwood;Langrick;glangrickb1@elegantthemes.com;484-56-9671;
Zaneta;Cristoferi;zcristoferib2@cmu.edu;485-85-4707;
Audi;Eykelhof;aeykelhofb3@princeton.edu;635-24-0772;
Edy;Bindon;ebindonb4@samsung.com;424-37-6446;
Farr;Scarsbrook;fscarsbrookb5@domainmarket.com;705-21-8799;
Nisse;Andrault;nandraultb6@wiley.com;379-30-7954;
Celia;Leechman;cleechmanb7@google.nl;128-10-2830;
L;urette;McTeggart;lmcteggartb8@adobe.com;237-35-9180
Ailsun;De Bruyne;adebruyneb9@symantec.com;366-76-3255;
Jazmin;Owtram;jowtramba@about.com;348-04-0443;
Foss;Lafranconi;flafranconibb@biblegateway.com;163-70-0053;
Terry;Masham;tmashambc@seesaa.net;374-27-6179;
Tiphani;Timmons;ttimmonsbd@wikia.com;548-61-1763;
Georgianna;Brandle;gbrandlebe@php.net;239-73-2841;
Corly;Senogles;csenoglesbf@liveinternet.ru;209-91-5607;
Janaye;Proschke;jproschkebg@usnews.com;424-04-9836;
Leola;Padgham;lpadghambh@blinklist.com;524-02-5534;
Helenelizabeth;Atheis;hatheisbi@bandcamp.com;279-24-6048;
Delila;Navarro;dnavarrobj@utexas.edu;268-20-4093;
Charmion;Gavin;cgavinbk@jigsy.com;512-45-8847;
Kristoffer;Dewerson;kdewersonbl@theglobeandmail.com;856-10-2694;
Desiri;Sandlin;dsandlinbm@shareasale.com;511-05-5594;
Tobin;Croxon;tcroxonbn@toplist.cz;590-33-7273;
Linnet;Bowling;lbowlingbo@slashdot.org;753-06-3659;
Emalia;Abriani;eabrianibp@ovh.net;818-14-2979;
Christy;Moreman;cmoremanbq@house.gov;738-32-4117;
Roshelle;Liversedge;rliversedgebr@hhs.gov;375-66-1972;
Elinore;Buchett;ebuchettbs@pen.io;810-46-4376;
Carlita;Petrowsky;cpetrowskybt@alibaba.com;315-07-4584;
Orson;McIlmorow;omcilmorowbu@yellowpages.com;221-92-2587;
Agatha;Bampford;abampfordbv@sitemeter.com;795-55-2106;
Adriana;Kalinke;akalinkebw@phoca.cz;451-98-1989;
Hi;Gawkroge;hgawkrogebx@blogs.com;891-02-4766;
Bernardina;Gellett;bgellettby@livejournal.com;298-12-8510;
Eyde;Brennan;ebrennanbz@ow.ly;591-80-1194;
Feodora;Mingay;fmingayc0@salon.com;542-77-8811;
Fin;Lyman;flymanc1@meetup.com;124-57-6996;
Tades;Mosten;tmostenc2@yellowpages.com;306-70-9290;
Margo;Mathelon;mmathelonc3@time.com;629-81-7667;
Lorrie;Everal;leveralc4@taobao.com;557-99-5463;
Ingelbert;Geaveny;igeavenyc5@xinhuanet.com;421-15-2030;
Catie;Breffit;cbreffitc6@ca.gov;173-66-1869;
Eugine;Seegar;eseegarc7@rediff.com;829-24-8660;
Alvinia;Philipet;aphilipetc8@blogspot.com;115-65-2103;
Ddene;Housecraft;dhousecraftc9@weather.com;721-33-0236;
Nichole;Preedy;npreedyca@dedecms.com;475-87-9541;
Joachim;Bootland;jbootlandcb@symantec.com;265-23-1703;
Wallis;Giercke;wgierckecc@prlog.org;573-03-9867;
Nona;Margetts;nmargettscd@icq.com;871-43-1692;
Blanca;McKeggie;bmckeggiece@istockphoto.com;821-02-8179;
Callie;Jaskiewicz;cjaskiewiczcf@time.com;790-14-2162;
Artemus;Merriday;amerridaycg@ed.gov;528-86-4273;
Dennie;Weir;dweirch@prnewswire.com;556-94-8899;
Babita;Iacobetto;biacobettoci@webeden.co.uk;428-66-4340;
Englebert;Tammadge;etammadgecj@miibeian.gov.cn;507-33-4023;
Mohandas;Kaiser;mkaiserck@wikia.com;175-81-8180;
Sigfried;Zaczek;szaczekcl@mapquest.com;751-53-2596;
Kingsley;Dalbey;kdalbeycm@vk.com;130-52-4506;
Fanny;Tubby;ftubbycn@mashable.com;492-91-3357;
Lutero;Bohey;lboheyco@jiathis.com;191-96-6591;
Fae;Phythian;fphythiancp@usnews.com;892-36-8108;
Jermaine;Gumley;jgumleycq@yahoo.co.jp;181-79-6788;
Alleyn;Shieldon;ashieldoncr@google.pl;514-83-2118;
Barbra;Gilbank;bgilbankcs@posterous.com;574-65-8885;
Leela;Winthrop;lwinthropct@topsy.com;582-96-9661;
Cyndi;Pettigree;cpettigreecu@purevolume.com;407-73-4271;
Daffie;Reimer;dreimercv@sphinn.com;603-26-5885;
Paxon;Mathey;pmatheycw@gizmodo.com;436-63-5617;
Koral;Derry;kderrycx@prlog.org;896-10-9271;
Hetti;Greenrde;hgreenrdecy@yellowbook.com;195-59-6089;
Hussein;Ianne;hiannecz@lycos.com;740-64-1263;
Lonnie;Gowans;lgowansd0@webmd.com;387-46-7306;
Amye;Narramore;anarramored1@google.es;734-92-2084;
Remus;Surby;rsurbyd2@vk.com;372-57-8735;
Helsa;McGrory;hmcgroryd3@irs.gov;272-35-9701;
Cyndi;Drohun;cdrohund4@rambler.ru;224-08-9677;
Dael;Culshaw;dculshawd5@omniture.com;305-45-3336;
Hailey;Banthorpe;hbanthorped6@jimdo.com;431-10-8960;
Elinore;Bertie;ebertied7@goodreads.com;286-28-1051;
Kasper;Pley;kpleyd8@huffingtonpost.com;106-33-8797;
Benita;Simao;bsimaod9@godaddy.com;754-16-3964;
Roda;Fee;rfeeda@theguardian.com;436-91-3600;
Bibbie;Perot;bperotdb@sohu.com;454-07-8381;
Gracie;Spencock;gspencockdc@shinystat.com;230-40-9900;
Keslie;Denyukhin;kdenyukhindd@simplemachines.org;580-21-8295;
Madlin;Salaman;msalamande@redcross.org;534-08-4538;
Aurore;Gayforth;agayforthdf@slashdot.org;112-56-3320;
Jemie;Franies;jfraniesdg@taobao.com;806-86-5989;
Wash;Ellse;wellsedh@deliciousdays.com;747-35-6980;
Maryl;Dow;mdowdi@aboutads.info;112-19-9819;
Tiffie;Ondra;tondradj@so-net.ne.jp;753-25-2328;
Jimmy;Lardnar;jlardnardk@cbslocal.com;807-63-7342;
Ailsun;Genty;agentydl@ask.com;650-51-0315;
Anne-corinne;Kestian;akestiandm@vkontakte.ru;412-59-6215;
Humberto;O'Grady;hogradydn@facebook.com;211-98-3922;
Yasmeen;Grimsdale;ygrimsdaledo@phoca.cz;373-34-0932;
Jennine;Gladebeck;jgladebeckdp@jugem.jp;871-37-3626;
Meredithe;Crowd;mcrowddq@chicagotribune.com;822-14-9412;
Cord;Overlow;coverlowdr@jiathis.com;470-15-6099;
Cull;Paul;cpaulds@bluehost.com;507-56-2986;
Cilka;Jillins;cjillinsdt@homestead.com;639-14-8413;
Keith;Langmaid;klangmaiddu@phpbb.com;128-44-0828;
Saxe;Roly;srolydv@addthis.com;603-97-7526;
Isa;Gopsill;igopsilldw@springer.com;549-13-2682;
Marjy;Peaddie;mpeaddiedx@yandex.ru;592-92-7082;
Gaile;Sandilands;gsandilandsdy@about.me;260-26-2551;
Krissie;Tabary;ktabarydz@ifeng.com;429-41-9069;
Janetta;Stroobant;jstroobante0@cyberchimps.com;306-19-1456;
Christyna;Chapman;cchapmane1@ucla.edu;180-42-6846;
Nelli;Thorn;nthorne2@imageshack.us;509-08-4805;
Felic;Debling;fdeblinge3@europa.eu;786-63-9853;
Arley;Hickisson;ahickissone4@technorati.com;577-18-9343;
Salvador;Petranek;spetraneke5@linkedin.com;773-76-3443;
Tod;Branford;tbranforde6@mysql.com;540-32-8061;
Josefa;Mellon;jmellone7@squidoo.com;764-08-3639;
Rosanna;Judson;rjudsone8@census.gov;146-02-3958;
Devi;Goose;dgoosee9@google.com.br;836-18-4185;
Michelle;Pittendreigh;mpittendreighea@shop-pro.jp;706-84-6973;
Clerissa;Knighton;cknightoneb@geocities.com;184-80-9572;
Damon;McCreagh;dmccreaghec@sfgate.com;185-08-8163;
Adi;Jerzycowski;ajerzycowskied@hubpages.com;506-23-9241;
Hortense;Middlebrook;hmiddlebrookee@4shared.com;437-21-8546;
Che;Callaway;ccallawayef@google.ca;305-17-2109;
Martie;Ritter;mrittereg@rakuten.co.jp;636-97-5407;
Lionello;Woodhams;lwoodhamseh@ft.com;790-76-3240;
Jordanna;Franciottoi;jfranciottoiei@google.co.jp;560-13-2307;
Lanna;Durbyn;ldurbynej@weather.com;264-98-8242;
Consalve;Pickthorn;cpickthornek@blogs.com;351-87-1619;
Lucy;Larrie;llarrieel@tumblr.com;679-25-4562;
Avigdor;Goodger;agoodgerem@linkedin.com;366-75-4982;
Kilian;Cowans;kcowansen@jalbum.net;649-62-8135;
Janenna;Strippling;jstripplingeo@dmoz.org;564-69-0675;
Anabella;Sink;asinkep@oracle.com;897-74-7531;
Julie;Crone;jcroneeq@cam.ac.uk;794-86-2749;
Arabele;Robeson;arobesoner@live.com;638-33-1699;
Deena;O'Halligan;dohalliganes@jiathis.com;129-89-2498;
Allyn;Patters;apatterset@behance.net;621-89-0882;
Kalle;Headan;kheadaneu@angelfire.com;798-95-7012;
Kirbee;Coulling;kcoullingev@dropbox.com;603-95-3861;
David;Andrews;dandrewsew@msu.edu;761-81-2421;
Matti;Sheircliffe;msheircliffeex@discuz.net;251-01-7279;
Alexandre;Redfield;aredfieldey@time.com;584-83-0413;
Elaina;Kinneir;ekinneirez@flickr.com;169-93-6677;
Sashenka;Gillings;sgillingsf0@umich.edu;392-43-3748;
Stephi;Powling;spowlingf1@ow.ly;264-39-3923;
Pennie;Pecey;ppeceyf2@businessinsider.com;567-16-3045;
Charlotta;Frudd;cfruddf3@prnewswire.com;467-58-0042;
Blair;Cornforth;bcornforthf4@ucsd.edu;123-18-2713;
Georgianna;Strivens;gstrivensf5@hao123.com;332-54-5160;
Jess;Alsop;jalsopf6@arstechnica.com;599-56-1138;
Base;Vanezis;bvanezisf7@alexa.com;394-90-9542;
Fielding;Rothon;frothonf8@addtoany.com;667-69-8822;
Aloise;Bentall;abentallf9@jugem.jp;443-77-0923;
Pat;Alderton;paldertonfa@ovh.net;463-37-8471;
Stacia;Minnette;sminnettefb@mozilla.com;144-43-2893;
Richard;Adamini;radaminifc@hc360.com;115-37-7699;
Ronica;Adamczewski;radamczewskifd@reddit.com;280-61-1460;
Edy;Hosten;ehostenfe@examiner.com;887-74-3784;
Winslow;Ruos;wruosff@topsy.com;605-96-6612;
Eadie;Draco;edracofg@columbia.edu;360-48-3045;
Cecilius;Whitfeld;cwhitfeldfh@umich.edu;720-63-8881;
Filmore;Yoxen;fyoxenfi@twitpic.com;676-65-7572;
Sharla;Cousins;scousinsfj@domainmarket.com;481-29-2688;
Shaun;Whitmell;swhitmellfk@gnu.org;642-32-0513;
Ida;Bavidge;ibavidgefl@cam.ac.uk;160-77-5605;
Quill;Oakeby;qoakebyfm@privacy.gov.au;733-25-0872;
Vladimir;Chmiel;vchmielfn@nsw.gov.au;870-22-2573;
Luigi;Rosendahl;lrosendahlfo@naver.com;495-67-7678;
Jaimie;Murrigan;jmurriganfp@utexas.edu;676-67-3544;
Court;Beidebeke;cbeidebekefq@latimes.com;652-22-6575;
Ophelia;Delve;odelvefr@slate.com;176-31-9589;
Lira;Kivlehan;lkivlehanfs@merriam-webster.com;522-01-6976;
Fabien;Dank;fdankft@stumbleupon.com;611-36-6319;
Quintus;Dell Casa;qdellcasafu@hatena.ne.jp;366-52-7465;
Levey;Butchard;lbutchardfv@booking.com;426-12-6205;
Valerye;Pretsel;vpretselfw@ocn.ne.jp;586-05-5983;
Lauretta;Jindracek;ljindracekfx@bloomberg.com;866-43-8201;
Charlotte;Blint;cblintfy@netvibes.com;884-04-1261;
Antonino;Harty;ahartyfz@bbc.co.uk;575-92-6852;
Idelle;Bills;ibillsg0@smugmug.com;625-46-6165;
Amanda;Darmody;adarmodyg1@google.cn;494-61-8147;
Jeremias;Bon;jbong2@cnn.com;504-74-7908;
Nolly;Rudledge;nrudledgeg3@jigsy.com;540-43-1878;
Clementius;Powell;cpowellg4@blinklist.com;369-69-0600;
Stephine;Marieton;smarietong5@ihg.com;240-24-6976;
Zach;Guthrum;zguthrumg6@arizona.edu;381-23-4053;
Katheryn;Schutze;kschutzeg7@hc360.com;837-27-3458;
Michal;Wanklyn;mwanklyng8@theatlantic.com;546-39-6135;
Coleen;Gimenez;cgimenezg9@tinypic.com;383-34-6326;
Alfredo;Persey;aperseyga@instagram.com;694-68-6488;
Amalee;D'Aeth;adaethgb@alexa.com;155-55-2521;
Sarene;Swenson;sswensongc@lycos.com;520-73-6957;
Lorne;Franses;lfransesgd@sohu.com;822-05-2046;
Caty;Oller;collerge@plala.or.jp;286-79-4375;
Man;Merner;mmernergf@narod.ru;291-68-0973;
Marcy;Cowx;mcowxgg@hatena.ne.jp;867-44-5287;
Georgette;Turone;gturonegh@weibo.com;457-58-5592;
Judy;Duckworth;jduckworthgi@digg.com;190-77-3064;
Ricky;Stronghill;rstronghillgj@ftc.gov;664-68-5037;
Johnathan;Schaben;jschabengk@unblog.fr;170-38-0118;
Cherise;Girton;cgirtongl@php.net;433-14-1290;
Rafferty;Shelbourne;rshelbournegm@jigsy.com;857-84-4277;
Vittorio;Zealy;vzealygn@posterous.com;119-11-4943;
Saudra;Carnow;scarnowgo@time.com;362-64-8896;
Temple;Purkiss;tpurkissgp@rakuten.co.jp;747-69-9248;
Meryl;Lyptratt;mlyptrattgq@slashdot.org;727-16-6197;
Shena;Mapowder;smapowdergr@eepurl.com;628-88-4271;
Nariko;Cable;ncablegs@ning.com;714-43-9043;
Miner;Runham;mrunhamgt@wikia.com;229-91-3459;
Neall;Kinnin;nkinningu@jugem.jp;477-85-7346;
Irina;Elia;ieliagv@stanford.edu;882-41-5765;
Cammi;Hirtzmann;chirtzmanngw@columbia.edu;771-32-8277;
Ade;Redgewell;aredgewellgx@nbcnews.com;376-20-1741;
Ginger;Bartels;gbartelsgy@wordpress.org;511-46-8991;
Teri;Bashford;tbashfordgz@exblog.jp;553-19-3251;
Clementina;Walisiak;cwalisiakh0@howstuffworks.com;186-82-2837;
Levin;O' Markey;lomarkeyh1@reference.com;604-45-4299;
Leo;Mainston;lmainstonh2@microsoft.com;473-09-6944;
Dayna;MacGauhy;dmacgauhyh3@yandex.ru;795-11-3753;
Abba;Yukhnev;ayukhnevh4@last.fm;616-47-2057;
Electra;Wroth;ewrothh5@epa.gov;178-23-0242;
Collette;MacLardie;cmaclardieh6@comcast.net;254-20-2743;
Kip;Snow;ksnowh7@163.com;205-19-0403;
Christopher;Trenchard;ctrenchardh8@bbb.org;328-17-3338;
Johnny;Flecknell;jflecknellh9@gravatar.com;484-92-4322;
Rudie;Margerrison;rmargerrisonha@time.com;314-62-0382;
Aymer;Gomez;agomezhb@cbslocal.com;679-43-6323;
Lynelle;Shakeshaft;lshakeshafthc@booking.com;749-76-7680;
Gypsy;Hearnshaw;ghearnshawhd@ameblo.jp;609-76-5633;
Linet;Bagshaw;lbagshawhe@comsenz.com;375-83-6778;
Marlowe;Phetteplace;mphetteplacehf@goo.gl;366-71-7055;
Noak;Westney;nwestneyhg@google.pl;866-96-9429;
Leighton;Culpin;lculpinhh@quantcast.com;887-68-8426;
Anatollo;Hobson;ahobsonhi@boston.com;259-01-1161;
Janine;Imlacke;jimlackehj@sun.com;548-72-8454;
Darla;MacShane;dmacshanehk@weather.com;240-46-4939;
Noam;Bridle;nbridlehl@hud.gov;290-47-0940;
Fax;Ashplant;fashplanthm@comcast.net;723-92-2584;
Tatum;Scotford;tscotfordhn@liveinternet.ru;590-33-9748;
Aleece;Leale;alealeho@house.gov;115-67-5496;
Alyson;McEllen;amcellenhp@toplist.cz;483-64-7070;
Rivy;Cadigan;rcadiganhq@csmonitor.com;867-60-8351;
Fair;Limb;flimbhr@theguardian.com;353-54-5205;
Sharai;Scougall;sscougallhs@deviantart.com;570-28-4494;
Quint;McEnteggart;qmcenteggartht@merriam-webster.com;268-54-4520;
Riane;Chitham;rchithamhu@mysql.com;228-66-0722;
Davine;McMennum;dmcmennumhv@harvard.edu;263-54-6473;
Jacob;Owbrick;jowbrickhw@xrea.com;449-56-3726;
Francklin;Portis;fportishx@yelp.com;604-97-4380;
Tiff;Beesey;tbeeseyhy@wikispaces.com;137-66-0201;
Wiatt;Toffanini;wtoffaninihz@apache.org;843-71-5347;
Gregory;Mart;gmarti0@opensource.org;652-17-7881;
Barnebas;Strippel;bstrippeli1@whitehouse.gov;760-67-2418;
Guthrey;Else;gelsei2@army.mil;541-79-8597;
Griffith;Laurent;glaurenti3@noaa.gov;874-51-9092;
Adair;Brisland;abrislandi4@techcrunch.com;237-68-2380;
Brinn;Penvarden;bpenvardeni5@dion.ne.jp;582-61-8568;
Ravi;Midlar;rmidlari6@dot.gov;590-41-5860;
Edy;Applegate;eapplegatei7@forbes.com;755-39-3177;
Constantine;Ewenson;cewensoni8@seesaa.net;252-09-5526;
Estrella;Rowlson;erowlsoni9@google.com.hk;484-04-3059;
Jake;Ghiron;jghironia@virginia.edu;642-67-1050;
Hinze;Stanyan;hstanyanib@jigsy.com;140-13-9670;
Cleavland;Albrighton;calbrightonic@webs.com;694-54-7362;
Tobi;Looby;tloobyid@thetimes.co.uk;130-73-9922;
Teddy;Snoday;tsnodayie@odnoklassniki.ru;415-81-9980;
Lorry;Starmont;lstarmontif@geocities.jp;692-23-6524;
Lizette;Izzett;lizzettig@gravatar.com;423-08-2649;
Egor;Bradberry;ebradberryih@tuttocitta.it;140-88-2253;
Millicent;Dixey;mdixeyii@cbsnews.com;430-80-0137;
Emilee;Alten;ealtenij@bing.com;432-41-9533;
Andreas;Anmore;aanmoreik@about.me;256-93-6661;
Charita;Ravenscroft;cravenscroftil@quantcast.com;100-60-8909;
Maurie;Dommerque;mdommerqueim@behance.net;421-25-6859;
Jeni;Kleimt;jkleimtin@netscape.com;451-29-6813;
Daisie;Broomhead;dbroomheadio@technorati.com;848-30-9899;
Leopold;Flecknoe;lflecknoeip@examiner.com;867-20-9181;
Boniface;Ickowics;bickowicsiq@phoca.cz;495-85-1882;
Norma;Andrini;nandriniir@ed.gov;330-23-3887;
Lilas;Rosencwaig;lrosencwaigis@umich.edu;523-67-5945;
Vinni;Fursse;vfursseit@mediafire.com;311-40-7607;
Ber;Raisher;braisheriu@github.io;862-24-3643;
Dalenna;Rojas;drojasiv@google.co.uk;692-26-4160;
Cary;Bayldon;cbayldoniw@csmonitor.com;482-06-3310;
Orrin;Janovsky;ojanovskyix@instagram.com;364-21-8683;
Ange;Augustin;aaugustiniy@theguardian.com;130-96-1351;
Florette;Espin;fespiniz@craigslist.org;500-39-4181;
Harriot;Stallard;hstallardj0@fastcompany.com;847-88-6570;
Reyna;July;rjulyj1@latimes.com;705-12-2238;
Emmy;Cust;ecustj2@japanpost.jp;353-35-8002;
Jerri;Sitford;jsitfordj3@usatoday.com;196-17-1102;
Laurent;Arsey;larseyj4@salon.com;837-56-5646;
Hogan;Joel;hjoelj5@tripadvisor.com;880-97-1523;
Juliet;Gillebert;jgillebertj6@vinaora.com;827-32-3620;
Etta;Ambrogelli;eambrogellij7@constantcontact.com;847-66-9675;
Kittie;Beltzner;kbeltznerj8@eepurl.com;821-45-1310;
Elton;Jaffrey;ejaffreyj9@umn.edu;354-10-3838;
Anetta;Ivanyushin;aivanyushinja@xrea.com;627-15-1500;
Cassey;Jacombs;cjacombsjb@a8.net;575-20-4428;
Trisha;Brilon;tbrilonjc@t-online.de;744-62-6628;
Dani;Bramall;dbramalljd@ucla.edu;154-08-3120;
Brod;Norsworthy;bnorsworthyje@wikia.com;511-80-3621;
Hervey;Skip;hskipjf@noaa.gov;360-45-9878;
Darrell;Tidd;dtiddjg@joomla.org;883-48-9140;
Arri;Mantripp;amantrippjh@mlb.com;399-17-8167;
Arline;Reinard;areinardji@adobe.com;801-76-5989;
Cass;Greig;cgreigjj@google.nl;525-50-6184;
Linnie;Margetson;lmargetsonjk@macromedia.com;610-46-0875;
Arlyn;Attoc;aattocjl@si.edu;520-10-3838;
Klara;Wadie;kwadiejm@eepurl.com;690-93-4336;
Kaine;Pendreigh;kpendreighjn@cisco.com;253-41-4654;
Yoko;Shevill;yshevilljo@shop-pro.jp;411-12-2355;
Dennie;Dacombe;ddacombejp@oracle.com;348-51-9012;
Daveen;Farrell;dfarrelljq@shareasale.com;761-13-6825;
Charis;Carbett;ccarbettjr@g.co;229-96-2368;
Kristo;Hainey;khaineyjs@wisc.edu;219-55-2673;
Bettye;Fidelus;bfidelusjt@umich.edu;710-38-5914;
Garland;Toffolini;gtoffoliniju@bigcartel.com;166-53-9788;
Duncan;Ife;difejv@sina.com.cn;254-59-8998;
Ferdinand;Satchel;fsatcheljw@seesaa.net;679-28-4443;
Garald;Chiplen;gchiplenjx@tuttocitta.it;794-13-5625;
Lisha;Duesbury;lduesburyjy@tinypic.com;495-52-0985;
Marga;Disman;mdismanjz@chronoengine.com;490-42-8515;
Cathy;Frew;cfrewk0@wisc.edu;246-29-7867;
Kelley;Gillfillan;kgillfillank1@bloomberg.com;801-30-2709;
Ailsun;Gollop;agollopk2@lulu.com;203-62-5166;
Lynnea;Hammerton;lhammertonk3@cnn.com;107-77-8705;
Nowell;Olenikov;nolenikovk4@scribd.com;499-10-6941;
Sidonia;Bentham;sbenthamk5@meetup.com;410-38-5120;
Johannah;Geffe;jgeffek6@nih.gov;738-64-6225;
Bertrand;Helleckas;bhelleckask7@tinyurl.com;707-99-3911;
Vlad;Seagar;vseagark8@eepurl.com;721-15-0089;
Willetta;Congrave;wcongravek9@census.gov;226-80-7540;
Giralda;Wye;gwyeka@mapquest.com;561-71-4942;
Belicia;Peasee;bpeaseekb@jugem.jp;652-47-0148;
Cordy;Archibould;carchibouldkc@google.com.au;682-33-2902;
Elberta;Mansour;emansourkd@rediff.com;245-63-2659;
William;Callis;wcalliske@un.org;364-20-4213;
Linnet;Tyrone;ltyronekf@yellowpages.com;295-95-8259;
Lucia;Secret;lsecretkg@webnode.com;217-24-2791;
Hervey;Frick;hfrickkh@cocolog-nifty.com;695-26-9833;
Mariska;Vannini;mvanniniki@examiner.com;124-22-8836;
Frasco;Cristofor;fcristoforkj@diigo.com;823-35-8740;
Griswold;Harlin;gharlinkk@youtube.com;234-12-3655;
Claudian;Davion;cdavionkl@google.co.jp;706-29-0120;
Rafferty;Castagne;rcastagnekm@tuttocitta.it;875-74-6357;
Hillard;Corthes;hcortheskn@123-reg.co.uk;309-33-8614;
Kassey;Roskell;kroskellko@tumblr.com;153-11-9322;
Annabella;Clemo;aclemokp@apple.com;516-26-5276;
Marlee;Housecroft;mhousecroftkq@loc.gov;601-78-8206;
Putnem;Espadas;pespadaskr@china.com.cn;111-78-4082;
Alexine;Bentinck;abentinckks@bing.com;615-01-0681;
Herrick;Bramford;hbramfordkt@tinyurl.com;756-20-3713;
Leone;Gullane;lgullaneku@liveinternet.ru;199-11-2635;
Marcia;Dysart;mdysartkv@about.me;550-79-1750;
Fredericka;Raywood;fraywoodkw@flavors.me;586-68-5342;
Arlyn;Yurenin;ayureninkx@mashable.com;724-69-5140;
Reynolds;Astman;rastmanky@icio.us;297-74-3778;
Curr;Leathe;cleathekz@webeden.co.uk;113-98-6025;
Gizela;Yewen;gyewenl0@xinhuanet.com;610-08-0867;
Gerard;Cheyney;gcheyneyl1@discuz.net;756-37-0265;
Briano;Ottewill;bottewilll2@dropbox.com;751-37-0624;
April;Lamont;alamontl3@mtv.com;634-62-2366;
Korry;Hail;khaill4@mlb.com;846-71-6670;
Carree;McMonnies;cmcmonniesl5@mayoclinic.com;853-94-6117;
Elladine;Cullip;ecullipl6@godaddy.com;686-19-9907;
Oswell;Bynert;obynertl7@guardian.co.uk;485-07-6448;
Analiese;Sweatland;asweatlandl8@deliciousdays.com;420-12-7773;
Deidre;Quickenden;dquickendenl9@harvard.edu;605-47-6187;
Stafford;Guildford;sguildfordla@utexas.edu;200-66-3217;
Rahel;Pepineaux;rpepineauxlb@flavors.me;858-83-5943;
Garfield;McLardie;gmclardielc@vk.com;565-33-1555;
Ranique;Belamy;rbelamyld@list-manage.com;264-07-9718;
Antonino;Plackstone;aplackstonele@w3.org;365-56-1400;
Brett;Thumim;bthumimlf@google.cn;332-63-3822;
Ban;Cupper;bcupperlg@infoseek.co.jp;153-07-6583;
Brandy;Perri;bperrilh@indiegogo.com;641-59-0224;
Rocky;Dooney;rdooneyli@photobucket.com;743-94-1175;
Cindy;Tarbet;ctarbetlj@microsoft.com;793-40-1403;
Hesther;Nicely;hnicelylk@nifty.com;247-49-4279;
Talbert;Kerfoot;tkerfootll@myspace.com;632-11-2952;
Guinevere;Blackster;gblacksterlm@dailymotion.com;511-24-9868;
Norman;Fassmann;nfassmannln@fc2.com;725-87-6821;
Nolana;Aherne;nahernelo@twitter.com;438-34-7593;
Kattie;Dear;kdearlp@nymag.com;759-19-2316;
Lida;Markos;lmarkoslq@issuu.com;312-73-6043;
Elna;Lawdham;elawdhamlr@ameblo.jp;883-88-2979;
Cori;Riteley;criteleyls@paypal.com;157-78-1307;
Thorsten;Habron;thabronlt@bbc.co.uk;557-40-8669;
Joseito;Jannings;jjanningslu@sbwire.com;744-93-0825;
Lorne;Fretson;lfretsonlv@mlb.com;611-07-3116;
Derry;Shaudfurth;dshaudfurthlw@huffingtonpost.com;899-07-5239;
Lanny;Slavin;lslavinlx@webnode.com;423-57-7231;
Bartholomeus;Lofty;bloftyly@howstuffworks.com;134-01-8112;
Richard;Farrance;rfarrancelz@alexa.com;752-34-6587;
Janos;Lucks;jlucksm0@comsenz.com;663-98-0490;
Lanie;Enser;lenserm1@deliciousdays.com;436-80-9206;
Sonni;Hartmann;shartmannm2@google.com.br;719-41-1988;
Mic;Bottoner;mbottonerm3@baidu.com;562-21-1402;
Marleen;Whelband;mwhelbandm4@virginia.edu;646-77-0994;
Garner;Tabb;gtabbm5@state.tx.us;166-97-4154;
Charmine;Roelofsen;croelofsenm6@mail.ru;821-36-3259;
Brenden;Pollastrone;bpollastronem7@sbwire.com;562-77-4797;
Yorgos;Kehir;ykehirm8@time.com;474-74-6212;
Yehudi;Willmore;ywillmorem9@slate.com;114-84-4082;
Emerson;Frankis;efrankisma@facebook.com;150-49-2406;
Minda;Dammarell;mdammarellmb@bloomberg.com;429-89-3241;
Hobie;Eykel;heykelmc@xrea.com;207-45-0105;
Fletch;Molfino;fmolfinomd@woothemes.com;363-54-3460;
Winfred;Pinney;wpinneyme@vkontakte.ru;299-62-4906;
Rockey;Mease;rmeasemf@flickr.com;330-70-9890;
Modesty;Ride;mridemg@craigslist.org;156-35-8649;
Fenelia;Riley;frileymh@netlog.com;549-24-0246;
Vidovic;Leguey;vlegueymi@blogspot.com;370-93-7446;
Jessy;Edeler;jedelermj@cbc.ca;108-18-9551;
Pinchas;Spinige;pspinigemk@baidu.com;385-02-8086;
Alphonso;Kinane;akinaneml@jigsy.com;887-15-4248;
Brit;Wollaston;bwollastonmm@webmd.com;312-11-5284;
Binnie;Euels;beuelsmn@yale.edu;134-18-9952;
Bobbi;Prandin;bprandinmo@technorati.com;603-35-2712;
Avivah;Brinson;abrinsonmp@chron.com;611-34-6444;
Oswald;de Copeman;odecopemanmq@si.edu;359-13-8385;
Arvie;Pourveer;apourveermr@webs.com;511-82-2939;
Eula;Braizier;ebraizierms@xing.com;846-18-8518;
Micah;Seavers;mseaversmt@sbwire.com;357-95-3290;
Matt;McOrkil;mmcorkilmu@webmd.com;497-81-8293;
Tressa;Cowthart;tcowthartmv@123-reg.co.uk;885-61-1063;
Hilly;Cardon;hcardonmw@house.gov;564-70-0772;
Spence;Merck;smerckmx@china.com.cn;234-24-9993;
Linda;McParland;lmcparlandmy@ebay.co.uk;169-33-7487;
Nick;Meriton;nmeritonmz@google.de;890-32-8770;
Adrian;Cash;acashn0@shareasale.com;789-54-4859;
Averyl;Gamell;agamelln1@mozilla.org;197-10-6803;
Rhiamon;Triplow;rtriplown2@samsung.com;747-81-3187;
Towny;Tash;ttashn3@tuttocitta.it;364-21-9614;
Herta;de Glanville;hdeglanvillen4@wikimedia.org;119-14-4319;
Johnette;Bulloch;jbullochn5@china.com.cn;151-95-9218;
Lorraine;Egle;leglen6@cornell.edu;151-36-2873;
Toddie;Reynoldson;treynoldsonn7@prnewswire.com;479-52-4814;
Ethelbert;Keddie;ekeddien8@example.com;629-44-3986;
Jody;Forsdike;jforsdiken9@bloglines.com;123-63-7021;
Tynan;Bohlsen;tbohlsenna@liveinternet.ru;256-34-5802;
Anatol;Itscowicz;aitscowicznb@angelfire.com;506-43-0699;
Saundra;Metcalf;smetcalfnc@wired.com;151-66-1719;
Cory;Gricks;cgricksnd@wisc.edu;191-38-6854;
Ephrayim;Sedgmond;esedgmondne@scribd.com;310-36-3365;
Reinaldos;Farlam;rfarlamnf@thetimes.co.uk;553-86-7083;
Jess;Matteini;jmatteining@taobao.com;314-49-7508;
Fanni;Luthwood;fluthwoodnh@telegraph.co.uk;357-99-1795;
Ursula;Bullock;ubullockni@oakley.com;845-11-6711;
Gaby;Fydoe;gfydoenj@jigsy.com;554-41-1638;
Belita;Kingswood;bkingswoodnk@51.la;170-67-5791;
Jeff;Glasner;jglasnernl@dailymotion.com;232-60-2051;
Baillie;Katz;bkatznm@google.cn;296-55-4295;
Ellynn;Brennand;ebrennandnn@google.pl;799-48-9786;
Lynelle;Pashley;lpashleyno@va.gov;530-45-9103;
Dedra;Amberger;dambergernp@miitbeian.gov.cn;780-37-2867;
Cristine;Pirnie;cpirnienq@sfgate.com;595-69-3296;
Norean;Dahlman;ndahlmannr@over-blog.com;457-81-6552;
Craggie;McNeice;cmcneicens@cafepress.com;806-62-6244;
Cristal;Adamsky;cadamskynt@biblegateway.com;600-69-5913;
Anett;Mackison;amackisonnu@foxnews.com;254-94-1899;
Petronilla;Beales;pbealesnv@engadget.com;772-54-4749;
Larina;Burling;lburlingnw@youtube.com;457-26-7810;
Kissee;Fishlock;kfishlocknx@soundcloud.com;755-35-6286;
Dominik;Aharoni;daharoniny@prlog.org;351-13-8944;
Devy;Suff;dsuffnz@infoseek.co.jp;722-72-8444;
Zorine;Copplestone;zcopplestoneo0@storify.com;277-12-0915;
Reina;Gare;rgareo1@chicagotribune.com;555-03-4070;
Janessa;Leeson;jleesono2@smh.com.au;691-46-4220;
Alfie;Rippon;arippono3@newsvine.com;204-17-9876;
Maura;Kruger;mkrugero4@google.com.br;675-47-9226;
Kristofer;Shimony;kshimonyo5@squarespace.com;816-60-2991;
Opalina;Hatcher;ohatchero6@nydailynews.com;799-74-6166;
Roseann;Shobrook;rshobrooko7@boston.com;588-52-3306;
Siana;Andresser;sandressero8@yahoo.com;487-78-1776;
Blinnie;Whapham;bwhaphamo9@scribd.com;890-26-0506;
Adham;Chessum;achessumoa@barnesandnoble.com;722-20-5554;
Cortie;Tivenan;ctivenanob@wordpress.com;877-02-9148;
Raimund;Messitt;rmessittoc@china.com.cn;899-91-4105;
Carolin;Findon;cfindonod@tuttocitta.it;512-30-2350;
Creight;Splevin;csplevinoe@noaa.gov;505-11-6209;
Timi;des Remedios;tdesremediosof@si.edu;127-45-7696;
Eirena;Winspeare;ewinspeareog@yahoo.co.jp;120-58-8866;
Trixie;Durrans;tdurransoh@infoseek.co.jp;713-43-9781;
Cassaundra;Aitchinson;caitchinsonoi@friendfeed.com;420-39-6083;
Nerti;Grunwall;ngrunwalloj@homestead.com;323-83-8606;
Ethelbert;Antognozzii;eantognozziiok@ning.com;157-28-1986;
Aharon;Bowling;abowlingol@addtoany.com;895-64-8142;
Quinlan;Poter;qpoterom@nydailynews.com;830-83-8285;
Daffi;Bru;dbruon@ustream.tv;702-48-5468;
Taylor;Daouse;tdaouseoo@sourceforge.net;200-32-0996;
Brockie;Loftin;bloftinop@xinhuanet.com;155-16-6947;
Alister;Storer;astoreroq@privacy.gov.au;315-62-8214;
Codie;Beceril;cbecerilor@stumbleupon.com;334-42-8248;
Garrett;Brocking;gbrockingos@360.cn;321-63-3395;
Claudell;Mollon;cmollonot@t-online.de;644-89-7691;
Celle;McWilliam;cmcwilliamou@wunderground.com;504-21-5532;
Meghann;Parrett;mparrettov@foxnews.com;332-82-9721;
Thorvald;Bresman;tbresmanow@hubpages.com;145-67-9426;
Alexi;Barmadier;abarmadierox@flickr.com;571-13-3497;
Cristobal;Curling;ccurlingoy@reddit.com;659-83-7230;
Hedvig;Temlett;htemlettoz@ning.com;852-81-8507;
Gigi;Lattey;glatteyp0@tamu.edu;644-71-4245;
Joceline;Whife;jwhifep1@theguardian.com;636-59-3421;
Edan;Larmour;elarmourp2@dailymotion.com;468-62-6800;
Henriette;Raymen;hraymenp3@answers.com;500-79-5979;
Marcelline;Bianco;mbiancop4@indiatimes.com;359-29-0975;
Feodora;Kock;fkockp5@hugedomains.com;235-18-1917;
Jacquenette;Weymont;jweymontp6@npr.org;407-38-5118;
Ewen;Halwill;ehalwillp7@miibeian.gov.cn;346-68-6657;
Hastie;Walework;hwaleworkp8@about.me;631-33-2189;
Enos;Dreelan;edreelanp9@vkontakte.ru;678-96-9218;
Auroora;Tiernan;atiernanpa@histats.com;417-73-9297;
Stacy;Martineau;smartineaupb@icq.com;149-60-2389;
Lezley;Dechelle;ldechellepc@sakura.ne.jp;786-57-0920;
Dorella;Swanger;dswangerpd@soup.io;725-97-7629;
Jonell;Seligson;jseligsonpe@shop-pro.jp;189-82-9086;
Gardie;Philipps;gphilippspf@va.gov;608-37-3030;
Hartwell;Muge;hmugepg@discovery.com;538-02-9599;
Morena;Smee;msmeeph@thetimes.co.uk;406-87-1950;
Erhart;Ephson;eephsonpi@alibaba.com;796-25-6346;
Irene;Stanger;istangerpj@cloudflare.com;786-82-2419;
Waneta;Perel;wperelpk@google.nl;133-55-5960;
Zedekiah;Torri;ztorripl@ftc.gov;419-84-1741;
Christy;Nightingale;cnightingalepm@bloglovin.com;825-37-9632;
Shauna;Flippen;sflippenpn@slashdot.org;607-26-4366;
Maureen;Thurley;mthurleypo@imdb.com;408-22-4651;
Barri;Kauble;bkaublepp@infoseek.co.jp;129-75-5673;
Dell;Oiller;doillerpq@wordpress.com;822-56-5344;
Jim;Simeone;jsimeonepr@samsung.com;432-62-7302;
Gerik;Presland;gpreslandps@discuz.net;374-01-5456;
Gusty;Margach;gmargachpt@hexun.com;881-59-9155;
Demetris;Millen;dmillenpu@tumblr.com;266-88-4141;
Axel;Swansborough;aswansboroughpv@sina.com.cn;680-26-6012;
Etheline;Greasley;egreasleypw@yellowbook.com;119-84-8756;
Bron;Aldiss;baldisspx@istockphoto.com;277-48-2136;
Luis;Fozzard;lfozzardpy@aboutads.info;151-36-5916;
Cassie;Mabbot;cmabbotpz@state.gov;169-35-4454;
Gunter;Pinnick;gpinnickq0@flickr.com;519-27-1149;
Salome;Nazaret;snazaretq1@free.fr;814-47-6087;
Hettie;Branscombe;hbranscombeq2@delicious.com;281-12-7516;
Paulette;Meredyth;pmeredythq3@netlog.com;599-50-0425;
Zacherie;Dellenbrok;zdellenbrokq4@abc.net.au;150-47-1152;
Benjy;Dolan;bdolanq5@free.fr;864-22-8232;
Othello;Toderi;otoderiq6@booking.com;128-20-6365;
Lawry;Gloves;lglovesq7@aol.com;484-67-5981;
Marlee;Steabler;msteablerq8@github.io;306-81-0534;
Kerr;Hargreves;khargrevesq9@sciencedaily.com;104-77-5380;
Shermie;Hugh;shughqa@goo.gl;344-54-6557;
Dix;Astridge;dastridgeqb@hugedomains.com;744-59-0489;
Kissee;Tolossi;ktolossiqc@wordpress.org;363-23-4412;
Freddie;McKibbin;fmckibbinqd@bravesites.com;298-76-3080;
Maddy;Goranov;mgoranovqe@histats.com;326-42-7657;
Fraze;Epdell;fepdellqf@google.pl;887-89-3436;
Ardra;Tumayan;atumayanqg@addthis.com;749-35-4192;
Angeli;Risbridger;arisbridgerqh@ask.com;813-30-4776;
Chelsea;Bartell;cbartellqi@booking.com;878-31-9259;
Nanni;Longden;nlongdenqj@home.pl;463-84-8854;
Timoteo;Circuitt;tcircuittqk@yellowbook.com;409-83-1986;
Denys;Adamovitch;dadamovitchql@uiuc.edu;486-17-1597;
Hartwell;Giannazzo;hgiannazzoqm@dot.gov;525-97-9309;
Selinda;Thacker;sthackerqn@umn.edu;532-97-5743;
Ximenes;Brittoner;xbrittonerqo@wix.com;262-58-5824;
Burgess;Bresnen;bbresnenqp@mac.com;340-32-8912;
Meryl;Killgus;mkillgusqq@slashdot.org;395-33-7927;
Vikky;Matyja;vmatyjaqr@ebay.co.uk;481-87-1575;
Ondrea;Gilliam;ogilliamqs@nymag.com;166-94-0970;
Cliff;Cayzer;ccayzerqt@marriott.com;108-35-0065;
Jayme;MacTague;jmactaguequ@blogspot.com;400-17-1110;
Amandi;Doey;adoeyqv@histats.com;647-71-3118;
Lammond;McLellan;lmclellanqw@blinklist.com;457-51-6046;
Parsifal;Berkowitz;pberkowitzqx@amazon.co.uk;772-09-7194;
Beatrice;Dodworth;bdodworthqy@e-recht24.de;594-06-6036;
Marysa;Dennistoun;mdennistounqz@fda.gov;883-14-6979;
Mendy;Ramel;mramelr0@ebay.com;273-24-5723;
Murdock;Greet;mgreetr1@economist.com;422-99-9497;
Dav;Veare;dvearer2@scribd.com;309-60-6994;
Perri;Saxby;psaxbyr3@blogspot.com;130-48-4325;
Norbert;Gaw;ngawr4@weather.com;276-26-5172;
Donaugh;Batisse;dbatisser5@digg.com;655-90-6081;
Pooh;Catford;pcatfordr6@ifeng.com;225-34-1241;
Teodora;Iveson;tivesonr7@edublogs.org;882-10-8942;
Dar;Margaret;dmargaretr8@eepurl.com;488-50-6056;
Emeline;Twidell;etwidellr9@tinyurl.com;823-88-5531;
Ive;Cumberland;icumberlandra@odnoklassniki.ru;226-86-4838;
Gilligan;Culbard;gculbardrb@princeton.edu;160-01-1199;
Mathew;Goater;mgoaterrc@google.cn;284-45-4626;
Murielle;Langton;mlangtonrd@census.gov;588-34-5123;
Dael;Bythway;dbythwayre@macromedia.com;439-19-6221;
Wally;Bertl;wbertlrf@mlb.com;505-73-5360;
Lonee;Stienton;lstientonrg@deviantart.com;540-25-8341;
Gustav;Bouchier;gbouchierrh@e-recht24.de;306-49-2363;
Brose;Maase;bmaaseri@cnbc.com;603-93-7478;
Blanch;Worledge;bworledgerj@elpais.com;459-91-6166;
Marthena;Fosbraey;mfosbraeyrk@so-net.ne.jp;217-23-8175;
Tommi;Nary;tnaryrl@gizmodo.com;383-59-6298;
Addy;Attewell;aattewellrm@scribd.com;440-06-4376;
Juliann;Copping;jcoppingrn@arizona.edu;428-99-3095;
Adelle;Keynd;akeyndro@usda.gov;633-16-9010;
Rosabel;Oswal;roswalrp@salon.com;555-25-8940;
Megan;Castaneda;mcastanedarq@usa.gov;149-30-3240;
Allen;Wholesworth;awholesworthrr@house.gov;843-22-0638;
